{"number": 99, "_timestamp": 1701463444.4688094, "_runtime": 2.014042377471924, "_step": 99, "_wandb": {"runtime": 0}}