{"number": 99, "_timestamp": 1701463362.325707, "_runtime": 0.7310328483581543, "_step": 99, "_wandb": {"runtime": 0}}