{"number": 99, "_timestamp": 1701466666.1129842, "_runtime": 0.8679561614990234, "_step": 99}